created_utc,num_comments,score,subreddit,title
1570358253,11,36,ethtrader,Is Ethereum Becoming a Financial Powerhouse of a Blockchain? - The Daily Chain
1570340198,7,5,ethtrader,Have you tried a DeFI interest account?
1570347871,2,2,ethtrader,"This Week's Top Cryptocurrency, Finance &amp; Global News Headlines"
1570342276,25,1,ethtrader,"Daily General Discussion - October 6, 2019"
1570392389,24,134,ethtrader,Don't be Stupid- Invest in Ethereum - The Bitcoin Miner
1570390192,3,9,ethtrader,TipJar Shutdown Notice -- Please Withdraw Balances ASAP
1570397976,2,1,ethtrader,Miners are accumulating ETH
1570406158,0,12,ethtrader,"Bank Raided, Arrests Made, But Reserve Bank of India (RBI) Still Restricts Withdrawals"
1570412466,1,2,ethtrader,Ethereum Turn Bullish?
1570402831,3,2,ethtrader,ICO's Ether Sales May Have Intensified Sell Pressure on ETH
1570403712,0,2,ethtrader,Blockchain Act: Liechtenstein Becomes First Nation to Launch Comprehensive Crypto Regulations
1570407567,0,1,ethtrader,South Korea Is Hoping for Regulatory Clarity as Crypto Laws Toughen
1570406646,0,0,ethtrader,The Enormous Hidden Opportunity Within Cryptocurrency That You Might Be Missing
1570400781,0,0,ethtrader,Pure Arbitrage (and Market Making) example found
1570427047,0,0,ethtrader,Time of next bull run? (technical and fundamental reasons)
1570442551,2,46,ethtrader,"Fifteen of the worldâ€™s largest institutions have formed a new venture known as Komgo SA, an Ethereum-based platform to digitalise the trade and commodities finance sector."
1570428872,44,11,ethtrader,"Daily General Discussion - October 7, 2019"
1570442023,0,2,ethtrader,Blockchain Buyouts: Five Crucial Crypto Acquisitions In 2019
1570436174,1,1,ethtrader,BULLS vs BEARS. Ð¡hoose the strategy and make profit!
1570442950,0,1,ethtrader,Podcast app Castbox lets you tip with Ether
1570443454,0,1,ethtrader,"Dark Web Drug Dealer, Alaa Mohammed Allawi, Gets Lengthy Prison Sentence"
1570442217,0,1,ethtrader,"Blockchain Firm Behind EOS, Block.one, Pays Penalty of $24 Million to Settle SEC Charges"
1570438068,0,0,ethtrader,"ETH/USD trades rangebound, capped below 5-DMA"
1570443291,0,0,ethtrader,Sharia Goldbugs: How ISIS Tried to Create a Currency for World Domination
1570456036,2,5,ethtrader,"Winning in the Crypto Bear Market? Lykke introduces Short LyCI, the first ERC20 token to bet against the crypto market."
1570448052,0,4,ethtrader,Stable Liquidity Pools Can Now Be Deployed on Bancor!
1570445617,1,1,ethtrader,Staking Simplified
1570469931,0,10,ethtrader,"Dapp transaction volume down nearly 40% in Q3, Etherum DeFi dapps is the rising shing light"
1570463403,5,5,ethtrader,New Uniswap Interface UniswapDEX.com
1570459053,1,1,ethtrader,The Digital Collectable that Donates Cryptocurrency to Wildlife Conservation Charities is LIVE!
1570459943,5,0,ethtrader,Best Etherium wallets
1570475518,21,113,ethtrader,"Three Years on, the DAO Still Has 100,000 ETH"
1570488485,2,18,ethtrader,alex van de sande: DevconV starts officially tomorrow but my mind is already blown (and it's not only the jet lag). Look at this code: it's both a human readable (and legally binding contract) but it's also compileable code that exports to solidity!
1570475534,1,14,ethtrader,Top Exchanges Now Hold 12 Million ETH
1570479155,3,11,ethtrader,Bitcoin Dominance Breaks Down As Altcoins Begin to Rebound
1570481230,0,5,ethtrader,"Competition in online stock trading remains brutal - Firms offer zero commissions, higher rates of return, banking services, debt consolidation loans, crypto trading"
1570480671,1,3,ethtrader,26 Celebrities Shilling Cryptos
1570482074,0,1,ethtrader,New Donuts distribution scheduled for 2019-10-14
1570495804,2,20,ethtrader,Hydro Pay Partners with OmiseGo
1570498149,0,9,ethtrader,Dada.art uses Ethereum NFT technology to find novel ways to connect artists and create engaging works
1570497865,1,8,ethtrader,Blockchain for business starts in the supply chain
1570495705,0,7,ethtrader,"Microsoft, Intel Back Ethereum-Based Token to Reward EEA Consortium Efforts"
1570494813,0,1,ethtrader,Introducing the Trusted Computation Framework
1570528431,29,507,ethtrader,Gods Unchained pays for stripped tournament earnings by Blizzard's pro-China censorship
1570523490,5,9,ethtrader,Didnâ€˜t someone say Bitcoin is like gold and Ethereum is like oil?
1570533873,2,8,ethtrader,EthDNS: a new collaboration between ENS and IPFS connects the decentralized web to traditional DNS
1570528918,0,4,ethtrader,Smart Contracts Improving The Freelance Experience
1570528189,0,4,ethtrader,Branch - An Ethereum and Research Focused Discord and Community
1570529078,0,3,ethtrader,Estate Planning for Digital Assets
1570526268,0,0,ethtrader,G Coin?
1570540132,0,2,ethtrader,US and EU Both Open to Digital Sovereign Currency
1570540557,0,2,ethtrader,"Coinbase Announce Fee Hike, Favors Whales Yet Again"
1570538714,0,1,ethtrader,"""Mastering Ethereum"" audio book?"
1570541669,0,1,ethtrader,AIRDROP INVESTORS
1570557360,3,29,ethtrader,DAI sports betting exchange SportX keeps pushing MakerDAO's stablecoin adoption (and therefore ETH adoption)
1570555430,0,13,ethtrader,Nexus Mutual - a model for insurance uniquely enabled by Ethereum
1570551676,0,6,ethtrader,FlipStreak - Dapp to win ETH based on coin flips
1570557364,0,2,ethtrader,An Analysis of Bid-Ask Spreads on the Kraken Exchange
1570557878,0,1,ethtrader,"Thread for mobile exchange apps. Does anyone use it? if yes, which ones?"
1570575879,8,43,ethtrader,Ethereum may have bottomed against Bitcoin says technical analyst Peter Brandt
1570567933,0,8,ethtrader,Introducing OpenZKP
1570578724,0,4,ethtrader,Enterprise blockchain cloud Kaleido adds MythX to secure Ethereum smart contracts
1570565129,0,3,ethtrader,"post about KYC and financial exclusion in /r/MakerDAO - ""KYC is absolutely not acceptable for MakerDAO!"""
1570567976,1,3,ethtrader,Ethereum Network Effect and Friendly Developer Moat
1570573207,0,1,ethtrader,"Uniswap shows Unipig, a scalable demo of Uniswap that uses zk Roll Up to achieve eventually 2,000 transactions per second on Ethereum Mainnet"
1570564959,0,1,ethtrader,x-post from MakerDAO -KYC is absolutely not acceptable for MakerDAO!
1570568139,0,1,ethtrader,Introducing OpenZKP
1570579150,0,1,ethtrader,StepChain: The Fitness App Of The Future
1570576934,0,0,ethtrader,How to read onchain data (part 1)
1570570595,0,0,ethtrader,Is it worth to buy a coin via multiple trades? (@kraken)
1570581798,8,4,ethtrader,I'm not so sure Ethereum will become THE global settlement layer
1570580238,0,3,ethtrader,"Interview w/ Status.im â€” Company Culture, 100% Remote team, Strong Values, Privacy First, Crypto Salary and moreâ€¦"
1570602864,21,128,ethtrader,Maker Is Launching Interesting Earning MultiCollateral DAI November 18th!
1570601367,63,23,ethtrader,"Daily General Discussion - October 9, 2019"
1570595790,6,5,ethtrader,"Breaking: Facebook-Backed Crypto Libra to Be Forked to ""OpenLibra"" - EWN"
1570597716,0,1,ethtrader,"John McAfee announced the launch of McAfeeDex, an Ethereum blockchain-based decentralized exchange."
1570614027,0,30,ethtrader,"UNICEF to Accept Donations in Bitcoin, Ethereum"
1570623371,0,24,ethtrader,Vitalik Buterin Gets You Up To Speed On Everything Ethereum 2.0 - Special Question &amp; Answer Session...
1570623601,4,10,ethtrader,Is ETHEREUM breaking out ? | ETH to 0.029 BTC
1570613865,0,5,ethtrader,Devcon V - Osaka - Day 1 Recap #DevconV
1570623244,0,1,ethtrader,Vitalik Buterin Gets You Up To Speed On Everything Ethereum 2.0 - Special Question &amp;amp; Answer Session...
1570638321,0,11,ethtrader,"Andreas Antonopoulos on Decentralize This! discussing Ethereum, Bitcoin, and Libra"
1570630570,0,2,ethtrader,Changelly released a mobile app - finally
1570626664,0,1,ethtrader,Developers from Ethereal Summit promises better Scalability using Ethereum 2.0
1570640240,1,1,ethtrader,ESH Trading Competition On McAfeeDex/IDEX! We Are Also Giving One Person The Chance To Spend A Day With John McAfee!
1570634923,0,1,ethtrader,Bitcoin Cryptocurrency FIFO LIFO Excel and Google Sheet Calculator
1570640328,0,1,ethtrader,"IMMUTABLE GAMES creator of ETHEREUM TCG game GODS UNCHAINED will pay for ALL of Hearthstone player blitzchung lost winnings after BLIZZARD ENTERTAINMENT removed him from the Grand Masters, rescinded all his prize money, and have suspended him from pro play over his support of the Hong Kong protests"
1570628835,1,0,ethtrader,I created a quick video to introduce MyDeFi to more users! You can use it to track all of your DeFi activity in one place
1570655356,0,3,ethtrader,A Look Into the $6 Billion United Nations Agency Crypto Fund
1570650956,2,3,ethtrader,OmiseGO pays $1mm worth in tokens ... directly to Universal Protocol Blockchain Alliance's Bittrex account ðŸ¤£
1570651239,0,1,ethtrader,Mobile Banking Applications for ios - Everything to know before you download.
1570647308,0,1,ethtrader,DSR: Dai Savings Rate by Maker Foundation
1570646604,0,0,ethtrader,How Facebook Libra Plans to Win
1570654287,1,0,ethtrader,My ETH long &amp; Strategy
1570667267,17,71,ethtrader,Vitalik Buterin: Proof of stake will make Ethereum safer
1570668901,0,11,ethtrader,Berlin-based security token firm Fundament taps $7.35 billion of real estate projects to jumpstart its asset tokenization business
1570668038,0,6,ethtrader,Live-streaming Company YouNow Sees Strong Revenue Growth After SEC Approves ERC-20 Token Distribution
1570666819,0,2,ethtrader,"Binance Launches P2P Trading for Bitcoin, Ethereum and Tether"
1570666613,0,2,ethtrader,Bitcoinmix Adds Ethereum Mixing Service
1570655902,0,1,ethtrader,Taking Ethereum mainstream: Social media app Pepo goes live at Devcon 5
1570667421,0,0,ethtrader,"ProgPoW, the Algorithm Dividing the Ethereum Community: a GPU Manufacturer Ploy?"
1570664924,0,0,ethtrader,"SO MUCH FRIGGIN CRYPTO NEWS!! (October 9th, 2019) - Bitcoin, Ethereum, MCD, Tax Update, &amp; Much More!"
1570671585,4,15,ethtrader,"Vitalik Buterin on Twitter: ""a eth1 -&gt; eth2 transition proposal"""
1570684129,3,2,ethtrader,Ethereum Goes Unstoppable - Price Analysis Ethereum News
1570696404,0,11,ethtrader,What is Freelanex Platform?
1570700424,2,11,ethtrader,"7 Ethereum Projects Are Getting $175,000 in Grants From ConsenSys"
1570687730,32,3,ethtrader,"Daily General Discussion - October 10, 2019"
1570688350,0,3,ethtrader,"ETH/USD breaks above 55-EMA (190.12), on track to test 110-EMA (199.82)"
1570697053,0,2,ethtrader,ESH Trading Competition On McAfeeDex/IDEX! We Are Also Giving One Person The Chance To Spend A Day With John McAfee!
1570695103,0,1,ethtrader,Ethereum getting ready to breakout?
1570702058,4,19,ethtrader,"TRON (TRX) is Overrun With DApp Bots, Research Shows"
1570707567,0,8,ethtrader,Introducing Web3 Plugins from Metamask
1570701735,0,7,ethtrader,Devcon: Chainlink Announces Seven New Ethereum Oracle Networks
1570700996,0,6,ethtrader,Ethereum Foundation First to Donate to UNICEF's Crypto Fund
1570710319,3,4,ethtrader,DEFI 2.0
1570713959,0,4,ethtrader,Earn Coin for Holding Coin: Dai Savings Rate Coming Next Month
1570702073,4,2,ethtrader,ARBITRADE.pro - Smart Cryptocurrency Arbitrage Trading Platform
1570713558,0,2,ethtrader,EtherPaint - new DApp inspired by r/Place
1570701886,0,2,ethtrader,Crypto Debit Card Firm Cryptopay Launches UK Bank Transfers With British Pound
1570712902,0,1,ethtrader,Measuring Decentralization
1570702897,1,1,ethtrader,How To Buy Ethereum on Luno Exchange with Zero fees
1570707742,0,1,ethtrader,Loans Get Easier with Crypto in Ukraine
1570707856,0,1,ethtrader,Bithumb to Set up Shop in India
1570701594,4,1,ethtrader,Bitcoin And Ethereum Suddenly Soar Despite SEC Blow
1570706052,2,1,ethtrader,Swapy.app crypto-to-crypto swap
1570701393,0,1,ethtrader,Tetherâ€™s supply on Ethereum is set to overtake USDT on Omni
1570708851,0,0,ethtrader,fly token
1570718613,16,62,ethtrader,BREAKING: CFTC chair says ETH is a commodity; anticipates ETH derivatives to trade in the US soon
1570716880,0,20,ethtrader,CFTC Declares Ethereumâ€™s Ether A Commodity
1570725072,0,11,ethtrader,"Augur v2 &amp; Beyond: Creating the worlds most accessible, no limit betting platform."
1570716562,0,5,ethtrader,Ethereum Startup Seeks to Eliminate Investor Risk from ICOs
1570726450,0,1,ethtrader,Bybit Exchange Tutorial | How to long and short Ethereum with leverage | Bybit vs. Bitmex ?
1570730208,0,1,ethtrader,Investigating the $40M Binance Hack
1570718296,4,0,ethtrader,Hello Ethereum traders community!
1570735287,1,16,ethtrader,DEXes + DeFi emerging as a killer use case. DEX.AG sets a new volume record ($294k) as traders use DEXes to participate in DeFi
1570738278,0,2,ethtrader,Countdown for Lift-off Begins Tomorrow...
1570733588,0,1,ethtrader,Weekly Saturn Exchange trade statistics summary (Top10 DEX)
1570737723,0,1,ethtrader,Keep Network September Roundup
1570745946,2,1,ethtrader,Ethereum Set To Burn Gas Payments: BULLISH! | CFTC Declares ETH Is A Commodity | Coinbase Pro App
1570751788,28,19,ethtrader,Is this a scam like bitconnect?
1570750969,1,17,ethtrader,"Mariano Conti, head of Maker's smart contracts: MakerDaoâ€™s MCD will be initially backed with ETH"
1570751279,1,12,ethtrader,"Ethereum blockchain-powered voting is coming to Santa Fe, Argentina"
1570747171,0,11,ethtrader,CFTC Chairman Confirms Ether Cryptocurrency Is a Commodity - CoinDesk
1570748104,12,10,ethtrader,Researcher Vlad Zamfir: Ethereumâ€™s legal question is an inevitable crisis
1570754023,2,4,ethtrader,Eth 2.0 deposit phase 0 deposit contract when?
1570749931,1,4,ethtrader,"Nuo protocol founders to launch new DeFi banking platform Juno, raising $3 million in venture capital"
1570749618,0,2,ethtrader,The Commons Stack: Scaling the Commons to Re-Prioritize People and the Planet
1570774245,22,10,ethtrader,"Daily General Discussion - October 11, 2019"
1570765216,3,6,ethtrader,What's the downside to a EMA26/20/12) Set Token vs hodling ETH?
1570767139,0,0,ethtrader,Tokoin - Acceleration and development of business at any level
1570810496,3,19,ethtrader,"Freedom of speech isnâ€™t free, but weâ€™ll happily spend our marketing budget on it. This weekend we will donate $1 per average viewer watching Gods Unchained on @Twitch to the @EFF, which supports privacy and freedom of speech."
1570821152,0,2,ethtrader,The Ultimate Guide on Cryptocurrency Index Funds
1570810058,1,2,ethtrader,Coinbase Custody adds Maker (MKR) governance support
1570939059,0,1,ethtrader,GODS UNCHAINED is a new competitive Ethereum based game backed by Coinbase and led by the former Director of Magic the Gathering: Arena. Itâ€™s FREE TO PLAY give it a try today!
1570883438,4,7,ethtrader,Key Takeaways from Devcon?
1570887779,0,5,ethtrader,Vitalikâ€™s Plan to Lay Out ETH 2.0
1570888424,1,4,ethtrader,Massive Hurricane Hits DEVCON 5 as God Attempts to Rid The World of Ethereum Community
1570893480,0,2,ethtrader,The District Weekly â€” October 12th
1570891449,0,1,ethtrader,Binance Launched P2P Trading in China
1570888911,2,0,ethtrader,cheer me up with some coins thanks
1570794338,0,15,ethtrader,Inside EYâ€™s radical plan to get major businesses using public Ethereum
1570797495,4,11,ethtrader,Ethereum Became The Most Correlated Crypto In The Ecosystem
1570806163,1,3,ethtrader,Tim Draper Bets on New .Crypto Domain to Replace Wallet Addresses
1570794587,0,1,ethtrader,Weekly Top 5 Performing Token Assets Traded on Saturn Exchange (A top10 ETH DEX)
1570795238,2,1,ethtrader,"I'm looking"" When Moon?"
1570860569,12,4,ethtrader,"Daily General Discussion - October 12, 2019"
1570857104,0,3,ethtrader,Tokoin - facilitate the MSME sector to embrace economic inclusion
1570857279,6,1,ethtrader,ETH sitting around doing nothing whilst HODLing. Can I get interest or similar from it?
1570881681,0,26,ethtrader,"FOAM, a company that brings geospatial data to the Ethereum blockchain, invites you to map the city of Osaka in return for token rewards"
1570882053,4,25,ethtrader,"Another gambling dApp, SKR, on the EOS blockchain hacked, steals 6,000 EOS tokens so far"
1570880481,2,11,ethtrader,Is Bitcoin a Safe Haven Like Gold? These Four Charts Say Not Yet
1570879870,0,11,ethtrader,"Devcon 5: Bitcoin developer, anarchist revolutionary, hacktivist, and programmer Amir Taaki foresees a 'dark-tech renaissance'"
1570879074,0,7,ethtrader,"MasterCard, Visa exit Facebook's Libra digital currency plan"
1570880801,2,5,ethtrader,EXPOSED: The YouTube Influencer Scam thatâ€™s Targeting the Cryptocurrency Community. Beware!
1570881326,0,2,ethtrader,Why Wallets Are Key for Driving Mass Crypto Adoption
1570868667,0,1,ethtrader,Vitalik after eth2.0 finally launches
1570881087,0,0,ethtrader,How to earn Crypto without spending any money?
1570925724,0,10,ethtrader,Orochi: The mysterious DAO powering events at Devcon 5
1570924971,0,3,ethtrader,Data governance startup Band Protocol launches binary options trading dApp BitSwing on Ethereum
1570920098,2,2,ethtrader,Best way to etherum with amazon payments?
1570925290,1,1,ethtrader,IRS to Require 150 Million Tax Filers to Disclose Crypto Dealings
1570830111,1,37,ethtrader,CNBC's Brian Kelly Says CFTC Announcement on Ethereum Is Huge for Crypto
1570831010,0,3,ethtrader,"AVA Labs releases Athereum testnet subnetwork, spoons Ethereum blockchain"
1570834136,0,2,ethtrader,SEC.gov | SEC Halts Alleged $1.7 Billion Unregistered Digital Token Offering
1570831409,0,2,ethtrader,SEC Halts Alleged $1.7 Billion Unregistered Digital Token Offering (TELEGRAM TON)
1570829244,0,1,ethtrader,"Ox Protocol ZRX Revamped Documentation, Asset Swapper, and Ethfinex becomes DeFI Blockchain standard"
1570831797,0,1,ethtrader,Report paints optimistic picture for Canadian blockchain ecosystem
1570830699,1,1,ethtrader,Augur sets out plans for 2020 revamp at Devcon 5
1570510134,10,32,ethtrader,"'Why Ethereum keeps its value bc a/ there's the most likelihood it becomes the BC that everything gets built on, b/ &amp; the one that gets built on gets its valued bc it gets used &amp; its also going to be a SOV, its also going to be money.' -- Mike Novagratz"
1570514926,33,14,ethtrader,"Daily General Discussion - October 8, 2019"
1570512747,0,4,ethtrader,Using on chain data to find and follow the most performant traders on Ethereum
1570510618,0,1,ethtrader,Asure Blockchain
1570510340,0,0,ethtrader,"PREDICTIONS!! - Interviewing Crypto, Bitcoin, and Blockchain Enthusiasts (3/3)"
1570904204,42,174,ethtrader,Progress over time
1570911129,3,17,ethtrader,NEXT.exchange RECENTLY
1570907172,1,1,ethtrader,The Market Cycle Wears No Clothes
1570840762,28,444,ethtrader,Me Getting Into Crypto
1570851437,6,4,ethtrader,BitMovio Product introduction â€” Steemit
1570845621,0,1,ethtrader,UN Launches Open Source Crypto Donations Project
1570845474,1,1,ethtrader,Is there any reason NOT to use Dex.ag?
1570787327,50,269,ethtrader,Hong Kong Protest App Censorship Highlights Need for Decentralized DApps
1570786983,9,50,ethtrader,ConsenSys Chief Joseph Lubin Wants One Million Ethereum Developers by Devcon6
1570786650,2,26,ethtrader,Why French Lender Societe Generale Issued a $110 Million Ethereum Bond to Itself
1570790985,1,4,ethtrader,Australian Government to Back New Ethereum Based Token by Perth Mint
1570776908,1,1,ethtrader,"ETH/USD finds stiff resistance at 110-EMA, break above required for further upside"
